{"columns":["Index","CustomerCode","CustomerName","CustomerType","RegionName","DC_Name","DistrictNameTH","ProvinceNameEng","DistrictNameEng","Lat","Lng","Category","Brand","ProductName","BaseQty"],"index":[0,1,2,3,4,5,6,7,8,9,10,11,12,13,14,15,16,17,18,19,20],"data":[[1578,"BBW014589","\u0e40\u0e08\u0e4a\u0e43\u0e08","\u0e42\u0e0a\u0e27\u0e4c\u0e2b\u0e48\u0e27\u0e22\u0e40\u0e25\u0e47\u0e01 (Community)","BKK2","\u0e1a\u0e32\u0e07\u0e1a\u0e2d\u0e19 \u0e40\u0e2d\u0e47\u0e01\u0e0b\u0e4c\u0e40\u0e1e\u0e23\u0e2a","\u0e1a\u0e32\u0e07\u0e41\u0e04","Bangkok","Bang Khae",13.713165,100.414113,"ENERGY DRINK","M-150","\u0e40\u0e2d\u0e47\u0e21-150 150\u0e21\u0e25",10],[641,"BBW012200","\u0e23\u0e49\u0e32\u0e19\u0e1b\u0e49\u0e32\u0e21\u0e48\u0e27\u0e22 \u0e2b\u0e19\u0e49\u0e32\u0e27\u0e31\u0e14\u0e19\u0e34\u0e19\u0e2a\u0e38\u0e02\u0e32\u0e23\u0e32\u0e21  ??","\u0e42\u0e0a\u0e27\u0e4c\u0e2b\u0e48\u0e27\u0e22\u0e40\u0e25\u0e47\u0e01 (Community)","BKK2","\u0e1a\u0e32\u0e07\u0e1a\u0e2d\u0e19 \u0e40\u0e2d\u0e47\u0e01\u0e0b\u0e4c\u0e40\u0e1e\u0e23\u0e2a","\u0e1a\u0e32\u0e07\u0e41\u0e04","Bangkok","Bang Khae",13.674122,100.403442,"ENERGY DRINK","M-150","M-150 \u0e01\u0e23\u0e30\u0e0a\u0e32\u0e22\u0e14\u0e33 100ml",10],[5378,"EKP000319","\u0e23\u0e49\u0e32\u0e19\u0e2a\u0e38\u0e20\u0e32\u0e27\u0e23\u0e23\u0e13 02","\u0e23\u0e49\u0e32\u0e19 OFC (\u0e42\u0e2d\u0e2a\u0e16\u0e41\u0e1f\u0e19\u0e04\u0e25\u0e31\u0e1a)","UNO","\u0e2d\u0e35.\u0e40\u0e04.\u0e1e\u0e35 \u0e17\u0e23\u0e32\u0e19\u0e2a\u0e1b\u0e2d\u0e23\u0e4c\u0e15","\u0e41\u0e21\u0e48\u0e17\u0e30","Lampang","Mae Tha",18.161985,99.536746,"ENERGY DRINK","CHALARM","\u0e09\u0e25\u0e32\u0e21\u0e02\u0e32\u0e27 \u0e27\u0e34\u0e15\u0e32\u0e21\u0e34\u0e19\u0e0b\u0e35 150\u0e21\u0e25",10],[5229,"EKP003110","\u0e16\u0e32\u0e27\u0e23\u0e01\u0e32\u0e23\u0e04\u0e49\u0e32","\u0e23\u0e49\u0e32\u0e19 O-Zone","UNO","\u0e2d\u0e35.\u0e40\u0e04.\u0e1e\u0e35 \u0e17\u0e23\u0e32\u0e19\u0e2a\u0e1b\u0e2d\u0e23\u0e4c\u0e15","\u0e41\u0e21\u0e48\u0e17\u0e30","Lampang","Mae Tha",18.110378,99.517415,"ENERGY DRINK","SOM IN SUM","\u0e42\u0e2a\u0e21\u0e2d\u0e34\u0e19\u0e0b\u0e31\u0e21 100\u0e21\u0e25",20],[2678,"JTG001103","\u0e23\u0e49\u0e32\u0e19\u0e2a\u0e33\u0e2d\u0e32\u0e07\u0e04\u0e4c","\u0e42\u0e0a\u0e27\u0e4c\u0e2b\u0e48\u0e27\u0e22\u0e40\u0e25\u0e47\u0e01 (Community)","CM","\u0e1a\u0e23\u0e34\u0e29\u0e31\u0e17 \u0e40\u0e08\u0e23\u0e34\u0e0d\u0e23\u0e31\u0e15\u0e19\u0e4c \u0e40\u0e17\u0e23\u0e14\u0e14\u0e34\u0e49\u0e07 \u0e01\u0e23\u0e38\u0e4a\u0e1b \u0e08\u0e33\u0e01\u0e31\u0e14","\u0e2b\u0e31\u0e19\u0e04\u0e32","Chai Nat","Hankha",14.973981,99.997999,"ENERGY DRINK","M-150","M-150 \u0e01\u0e23\u0e30\u0e0a\u0e32\u0e22\u0e14\u0e33 150ml",10],[4065,"FMK003121","\u0e23\u0e49\u0e32\u0e19 \u0e1e\u0e34\u0e2a 1","\u0e42\u0e0a\u0e27\u0e4c\u0e2b\u0e48\u0e27\u0e22\u0e40\u0e25\u0e47\u0e01 (Community)","MNE","\u0e40\u0e2d\u0e1f\u0e40\u0e2d\u0e47\u0e21\u0e01\u0e32\u0e2c\u0e2a\u0e34\u0e19\u0e18\u0e38\u0e4c","\u0e19\u0e32\u0e04\u0e39","Kalasin","Na Khu",16.766143,104.027674,"ENERGY DRINK","M-150","\u0e40\u0e2d\u0e47\u0e21-150 150\u0e21\u0e25",10],[2770,"JTG001092","\u0e23\u0e49\u0e32\u0e19\u0e2a\u0e21\u0e08\u0e34\u0e15 ","\u0e42\u0e0a\u0e27\u0e4c\u0e2b\u0e48\u0e27\u0e22\u0e40\u0e25\u0e47\u0e01 (Community)","CM","\u0e1a\u0e23\u0e34\u0e29\u0e31\u0e17 \u0e40\u0e08\u0e23\u0e34\u0e0d\u0e23\u0e31\u0e15\u0e19\u0e4c \u0e40\u0e17\u0e23\u0e14\u0e14\u0e34\u0e49\u0e07 \u0e01\u0e23\u0e38\u0e4a\u0e1b \u0e08\u0e33\u0e01\u0e31\u0e14","\u0e2b\u0e31\u0e19\u0e04\u0e32","Chai Nat","Hankha",15.10439,99.853908,"ENERGY DRINK","LIPO","\u0e25\u0e34\u0e42\u0e1e\u0e27\u0e34\u0e15\u0e31\u0e19-\u0e14\u0e35 100\u0e21\u0e25",10],[545,"BBW012167","\u0e23\u0e49\u0e32\u0e19\u0e2d\u0e32\u0e2b\u0e32\u0e23\u0e15\u0e32\u0e21\u0e2a\u0e31\u0e48\u0e07 \u0e1a\u0e32\u0e07\u0e1a\u0e2d\u0e191","\u0e42\u0e0a\u0e27\u0e4c\u0e2b\u0e48\u0e27\u0e22\u0e40\u0e25\u0e47\u0e01 (Community)","BKK2","\u0e1a\u0e32\u0e07\u0e1a\u0e2d\u0e19 \u0e40\u0e2d\u0e47\u0e01\u0e0b\u0e4c\u0e40\u0e1e\u0e23\u0e2a","\u0e1a\u0e32\u0e07\u0e41\u0e04","Bangkok","Bang Khae",13.690709,100.422751,"ENERGY DRINK","M-150","\u0e40\u0e2d\u0e47\u0e21-150 150\u0e21\u0e25",10],[5763,"EKP000600","\u0e23\u0e49\u0e32\u0e19\u0e17\u0e34\u0e1e\u0e22\u0e4c\u0e17\u0e2d\u0e07\u0e01\u0e32\u0e23\u0e40\u0e01\u0e29\u0e15\u0e23  ","\u0e42\u0e0a\u0e27\u0e4c\u0e2b\u0e48\u0e27\u0e22\u0e40\u0e25\u0e47\u0e01 (Community)","UNO","\u0e2d\u0e35.\u0e40\u0e04.\u0e1e\u0e35 \u0e17\u0e23\u0e32\u0e19\u0e2a\u0e1b\u0e2d\u0e23\u0e4c\u0e15","\u0e41\u0e21\u0e48\u0e17\u0e30","Lampang","Mae Tha",18.086313,99.502305,"ENERGY DRINK","LIPO","\u0e25\u0e34\u0e42\u0e1e\u0e27\u0e34\u0e15\u0e31\u0e19-\u0e14\u0e35 100\u0e21\u0e25",10],[4439,"FMK002219","\u0e19\u0e32\u0e07\u0e2a\u0e31\u0e07\u0e27\u0e32\u0e25\u0e22\u0e4c \u0e41\u0e01\u0e49\u0e27\u0e25\u0e37\u0e2d  ","\u0e23\u0e49\u0e32\u0e19 O-Zone","MNE","\u0e40\u0e2d\u0e1f\u0e40\u0e2d\u0e47\u0e21\u0e01\u0e32\u0e2c\u0e2a\u0e34\u0e19\u0e18\u0e38\u0e4c","\u0e19\u0e32\u0e04\u0e39","Kalasin","Na Khu",16.703046,103.999539,"ENERGY DRINK","SOM IN SUM","\u0e42\u0e2a\u0e21\u0e2d\u0e34\u0e19\u0e0b\u0e31\u0e21 100\u0e21\u0e25",50],[4119,"FMK004232","\u0e23\u0e49\u0e32\u0e19\u0e1e\u0e35\u0e48\u0e41\u0e27\u0e49\u0e19  ","\u0e42\u0e0a\u0e27\u0e4c\u0e2b\u0e48\u0e27\u0e22\u0e40\u0e25\u0e47\u0e01 (Community)","MNE","\u0e40\u0e2d\u0e1f\u0e40\u0e2d\u0e47\u0e21\u0e01\u0e32\u0e2c\u0e2a\u0e34\u0e19\u0e18\u0e38\u0e4c","\u0e19\u0e32\u0e04\u0e39","Kalasin","Na Khu",16.796873,104.043056,"ENERGY DRINK","M-150","\u0e40\u0e2d\u0e47\u0e21-150 150\u0e21\u0e25",10],[1300,"BBW013882","\u0e27\u0e23\u0e23\u0e13\u0e0a\u0e31\u0e22","\u0e42\u0e0a\u0e27\u0e4c\u0e2b\u0e48\u0e27\u0e22\u0e40\u0e25\u0e47\u0e01 (Community)","BKK2","\u0e1a\u0e32\u0e07\u0e1a\u0e2d\u0e19 \u0e40\u0e2d\u0e47\u0e01\u0e0b\u0e4c\u0e40\u0e1e\u0e23\u0e2a","\u0e1a\u0e32\u0e07\u0e41\u0e04","Bangkok","Bang Khae",13.725377,100.375048,"ENERGY DRINK","M-150","\u0e40\u0e2d\u0e47\u0e21-150 150\u0e21\u0e25",10],[4134,"FMK004232","\u0e23\u0e49\u0e32\u0e19\u0e1e\u0e35\u0e48\u0e41\u0e27\u0e49\u0e19  ","\u0e42\u0e0a\u0e27\u0e4c\u0e2b\u0e48\u0e27\u0e22\u0e40\u0e25\u0e47\u0e01 (Community)","MNE","\u0e40\u0e2d\u0e1f\u0e40\u0e2d\u0e47\u0e21\u0e01\u0e32\u0e2c\u0e2a\u0e34\u0e19\u0e18\u0e38\u0e4c","\u0e19\u0e32\u0e04\u0e39","Kalasin","Na Khu",16.796873,104.043056,"ENERGY DRINK","SOM IN SUM","\u0e42\u0e2a\u0e21\u0e2d\u0e34\u0e19\u0e0b\u0e31\u0e21 100\u0e21\u0e25",10],[5787,"EKP001304","\u0e23\u0e49\u0e32\u0e19\u0e1b\u0e1e\u0e34\u0e0a\u0e0d\u0e32  \u0e1a.\u0e2b\u0e25\u0e38\u0e01","\u0e42\u0e0a\u0e27\u0e4c\u0e2b\u0e48\u0e27\u0e22\u0e40\u0e25\u0e47\u0e01 (Community)","UNO","\u0e2d\u0e35.\u0e40\u0e04.\u0e1e\u0e35 \u0e17\u0e23\u0e32\u0e19\u0e2a\u0e1b\u0e2d\u0e23\u0e4c\u0e15","\u0e41\u0e21\u0e48\u0e17\u0e30","Lampang","Mae Tha",18.13428,99.532499,"ENERGY DRINK","M-150","M-150 \u0e01\u0e23\u0e30\u0e0a\u0e32\u0e22\u0e14\u0e33 150ml",10],[2221,"ASC002117","\u0e25\u0e21\u0e2b\u0e31\u0e27\u0e01\u0e38\u0e14","\u0e2d\u0e37\u0e48\u0e19\u0e46","BKK1","\u0e40\u0e2d\u0e40\u0e0a\u0e35\u0e22\u0e0a\u0e31\u0e22","\u0e14\u0e38\u0e2a\u0e34\u0e15","Bangkok","Dusit",13.785013,100.530276,"ENERGY DRINK","LIPO","\u0e25\u0e34\u0e42\u0e1e\u0e27\u0e34\u0e15\u0e31\u0e19-\u0e14\u0e35 100\u0e21\u0e25",50],[1291,"BBW013882","\u0e27\u0e23\u0e23\u0e13\u0e0a\u0e31\u0e22","\u0e42\u0e0a\u0e27\u0e4c\u0e2b\u0e48\u0e27\u0e22\u0e40\u0e25\u0e47\u0e01 (Community)","BKK2","\u0e1a\u0e32\u0e07\u0e1a\u0e2d\u0e19 \u0e40\u0e2d\u0e47\u0e01\u0e0b\u0e4c\u0e40\u0e1e\u0e23\u0e2a","\u0e1a\u0e32\u0e07\u0e41\u0e04","Bangkok","Bang Khae",13.725377,100.375048,"ENERGY DRINK","LIPO","\u0e25\u0e34\u0e42\u0e1e\u0e27\u0e34\u0e15\u0e31\u0e19-\u0e14\u0e35 100\u0e21\u0e25",10],[4203,"FMK005929","\u0e17\u0e35 \u0e21\u0e32\u0e23\u0e4c\u0e17","\u0e23\u0e49\u0e32\u0e19 OFC (\u0e42\u0e2d\u0e2a\u0e16\u0e41\u0e1f\u0e19\u0e04\u0e25\u0e31\u0e1a)","MNE","\u0e40\u0e2d\u0e1f\u0e40\u0e2d\u0e47\u0e21\u0e01\u0e32\u0e2c\u0e2a\u0e34\u0e19\u0e18\u0e38\u0e4c","\u0e19\u0e32\u0e04\u0e39","Kalasin","Na Khu",16.769449,